{
    "http://dbpedia.org/ontology/FormulaOneRacer": [
        "http://dbpedia.org/ontology/FormulaOneRacer",
        "http://dbpedia.org/ontology/RacingDriver",
        "http://dbpedia.org/ontology/MotorsportRacer",
        "http://dbpedia.org/ontology/Athlete",
        "http://dbpedia.org/ontology/Person",
        "http://dbpedia.org/ontology/Agent",
        "http://www.w3.org/2002/07/owl#Thing"
    ],
    "http://dbpedia.org/ontology/List": [
        "http://dbpedia.org/ontology/List",
        "http://www.w3.org/2002/07/owl#Thing"
    ],
    "http://dbpedia.org/ontology/Lake": [
        "http://dbpedia.org/ontology/Lake",
        "http://dbpedia.org/ontology/BodyOfWater",
        "http://dbpedia.org/ontology/NaturalPlace",
        "http://dbpedia.org/ontology/Place",
        "http://www.w3.org/2002/07/owl#Thing"
    ],
    "http://dbpedia.org/ontology/Device": [
        "http://dbpedia.org/ontology/Device",
        "http://www.w3.org/2002/07/owl#Thing"
    ],
    "http://dbpedia.org/ontology/MotorcycleRider": [
        "http://dbpedia.org/ontology/MotorcycleRider",
        "http://dbpedia.org/ontology/MotorsportRacer",
        "http://dbpedia.org/ontology/Athlete",
        "http://dbpedia.org/ontology/Person",
        "http://dbpedia.org/ontology/Agent",
        "http://www.w3.org/2002/07/owl#Thing"
    ],
    "http://dbpedia.org/ontology/School": [
        "http://dbpedia.org/ontology/School",
        "http://dbpedia.org/ontology/EducationalInstitution",
        "http://dbpedia.org/ontology/Organisation",
        "http://dbpedia.org/ontology/Agent",
        "http://www.w3.org/2002/07/owl#Thing"
    ],
    "http://dbpedia.org/ontology/SportsTeam": [
        "http://dbpedia.org/ontology/SportsTeam",
        "http://dbpedia.org/ontology/Organisation",
        "http://dbpedia.org/ontology/Agent",
        "http://www.w3.org/2002/07/owl#Thing"
    ],
    "http://dbpedia.org/ontology/Monument": [
        "http://dbpedia.org/ontology/Monument",
        "http://dbpedia.org/ontology/Place",
        "http://www.w3.org/2002/07/owl#Thing"
    ],
    "http://dbpedia.org/ontology/IceHockeyPlayer": [
        "http://dbpedia.org/ontology/IceHockeyPlayer",
        "http://dbpedia.org/ontology/WinterSportPlayer",
        "http://dbpedia.org/ontology/Athlete",
        "http://dbpedia.org/ontology/Person",
        "http://dbpedia.org/ontology/Agent",
        "http://www.w3.org/2002/07/owl#Thing"
    ],
    "http://dbpedia.org/ontology/BackScene": [
        "http://dbpedia.org/ontology/BackScene",
        "http://dbpedia.org/ontology/MusicalArtist",
        "http://dbpedia.org/ontology/Artist",
        "http://dbpedia.org/ontology/Person",
        "http://dbpedia.org/ontology/Agent",
        "http://www.w3.org/2002/07/owl#Thing"
    ],
    "http://dbpedia.org/ontology/Event": [
        "http://dbpedia.org/ontology/Event",
        "http://www.w3.org/2002/07/owl#Thing"
    ],
    "http://dbpedia.org/ontology/MotorsportRacer": [
        "http://dbpedia.org/ontology/MotorsportRacer",
        "http://dbpedia.org/ontology/Athlete",
        "http://dbpedia.org/ontology/Person",
        "http://dbpedia.org/ontology/Agent",
        "http://www.w3.org/2002/07/owl#Thing"
    ],
    "http://dbpedia.org/ontology/RaceTrack": [
        "http://dbpedia.org/ontology/RaceTrack",
        "http://dbpedia.org/ontology/SportFacility",
        "http://dbpedia.org/ontology/ArchitecturalStructure",
        "http://dbpedia.org/ontology/Place",
        "http://www.w3.org/2002/07/owl#Thing"
    ],
    "http://dbpedia.org/ontology/Mountain": [
        "http://dbpedia.org/ontology/Mountain",
        "http://dbpedia.org/ontology/NaturalPlace",
        "http://dbpedia.org/ontology/Place",
        "http://www.w3.org/2002/07/owl#Thing"
    ],
    "http://dbpedia.org/ontology/PoliticalParty": [
        "http://dbpedia.org/ontology/PoliticalParty",
        "http://dbpedia.org/ontology/Organisation",
        "http://dbpedia.org/ontology/Agent",
        "http://www.w3.org/2002/07/owl#Thing"
    ],
    "http://dbpedia.org/ontology/Island": [
        "http://dbpedia.org/ontology/Island",
        "http://dbpedia.org/ontology/PopulatedPlace",
        "http://dbpedia.org/ontology/Place",
        "http://www.w3.org/2002/07/owl#Thing"
    ],
    "http://dbpedia.org/ontology/Continent": [
        "http://dbpedia.org/ontology/Continent",
        "http://dbpedia.org/ontology/PopulatedPlace",
        "http://dbpedia.org/ontology/Place",
        "http://www.w3.org/2002/07/owl#Thing"
    ],
    "http://dbpedia.org/ontology/FormulaOneTeam": [
        "http://dbpedia.org/ontology/FormulaOneTeam",
        "http://dbpedia.org/ontology/SportsTeam",
        "http://dbpedia.org/ontology/Organisation",
        "http://dbpedia.org/ontology/Agent",
        "http://www.w3.org/2002/07/owl#Thing"
    ],
    "http://dbpedia.org/ontology/MusicGenre": [
        "http://dbpedia.org/ontology/MusicGenre",
        "http://dbpedia.org/ontology/Genre",
        "http://dbpedia.org/ontology/TopicalConcept",
        "http://www.w3.org/2002/07/owl#Thing"
    ],
    "http://dbpedia.org/ontology/HockeyTeam": [
        "http://dbpedia.org/ontology/HockeyTeam",
        "http://dbpedia.org/ontology/SportsTeam",
        "http://dbpedia.org/ontology/Organisation",
        "http://dbpedia.org/ontology/Agent",
        "http://www.w3.org/2002/07/owl#Thing"
    ],
    "http://dbpedia.org/ontology/Athlete": [
        "http://dbpedia.org/ontology/Athlete",
        "http://dbpedia.org/ontology/Person",
        "http://dbpedia.org/ontology/Agent",
        "http://www.w3.org/2002/07/owl#Thing"
    ],
    "http://dbpedia.org/ontology/SportsSeason": [
        "http://dbpedia.org/ontology/SportsSeason",
        "http://www.w3.org/2002/07/owl#Thing"
    ],
    "http://dbpedia.org/ontology/Play": [
        "http://dbpedia.org/ontology/Play",
        "http://dbpedia.org/ontology/WrittenWork",
        "http://dbpedia.org/ontology/Work",
        "http://www.w3.org/2002/07/owl#Thing"
    ],
    "http://dbpedia.org/ontology/SportsLeague": [
        "http://dbpedia.org/ontology/SportsLeague",
        "http://dbpedia.org/ontology/Organisation",
        "http://dbpedia.org/ontology/Agent",
        "http://www.w3.org/2002/07/owl#Thing"
    ],
    "http://dbpedia.org/ontology/Sea": [
        "http://dbpedia.org/ontology/Sea",
        "http://dbpedia.org/ontology/BodyOfWater",
        "http://dbpedia.org/ontology/NaturalPlace",
        "http://dbpedia.org/ontology/Place",
        "http://www.w3.org/2002/07/owl#Thing"
    ],
    "http://dbpedia.org/ontology/Film": [
        "http://dbpedia.org/ontology/Film",
        "http://dbpedia.org/ontology/Work",
        "http://www.w3.org/2002/07/owl#Thing"
    ],
    "http://dbpedia.org/ontology/IceHockeyLeague": [
        "http://dbpedia.org/ontology/IceHockeyLeague",
        "http://dbpedia.org/ontology/SportsLeague",
        "http://dbpedia.org/ontology/Organisation",
        "http://dbpedia.org/ontology/Agent",
        "http://www.w3.org/2002/07/owl#Thing"
    ],
    "http://dbpedia.org/ontology/MilitaryPerson": [
        "http://dbpedia.org/ontology/MilitaryPerson",
        "http://dbpedia.org/ontology/Person",
        "http://dbpedia.org/ontology/Agent",
        "http://www.w3.org/2002/07/owl#Thing"
    ],
    "http://dbpedia.org/ontology/Single": [
        "http://dbpedia.org/ontology/Single",
        "http://dbpedia.org/ontology/MusicalWork",
        "http://dbpedia.org/ontology/Work",
        "http://www.w3.org/2002/07/owl#Thing"
    ],
    "http://dbpedia.org/ontology/Village": [
        "http://dbpedia.org/ontology/Village",
        "http://dbpedia.org/ontology/Settlement",
        "http://dbpedia.org/ontology/PopulatedPlace",
        "http://dbpedia.org/ontology/Place",
        "http://www.w3.org/2002/07/owl#Thing"
    ],
    "http://dbpedia.org/ontology/Airport": [
        "http://dbpedia.org/ontology/Airport",
        "http://dbpedia.org/ontology/Infrastructure",
        "http://dbpedia.org/ontology/ArchitecturalStructure",
        "http://dbpedia.org/ontology/Place",
        "http://www.w3.org/2002/07/owl#Thing"
    ],
    "http://dbpedia.org/ontology/SoapCharacter": [
        "http://dbpedia.org/ontology/SoapCharacter",
        "http://dbpedia.org/ontology/FictionalCharacter",
        "http://dbpedia.org/ontology/Person",
        "http://dbpedia.org/ontology/Agent",
        "http://www.w3.org/2002/07/owl#Thing"
    ],
    "http://dbpedia.org/ontology/University": [
        "http://dbpedia.org/ontology/University",
        "http://dbpedia.org/ontology/EducationalInstitution",
        "http://dbpedia.org/ontology/Organisation",
        "http://dbpedia.org/ontology/Agent",
        "http://www.w3.org/2002/07/owl#Thing"
    ],
    "http://dbpedia.org/ontology/EthnicGroup": [
        "http://dbpedia.org/ontology/EthnicGroup",
        "http://www.w3.org/2002/07/owl#Thing"
    ],
    "http://dbpedia.org/ontology/InformationAppliance": [
        "http://dbpedia.org/ontology/InformationAppliance",
        "http://dbpedia.org/ontology/Device",
        "http://www.w3.org/2002/07/owl#Thing"
    ],
    "http://dbpedia.org/ontology/FictionalCharacter": [
        "http://dbpedia.org/ontology/FictionalCharacter",
        "http://dbpedia.org/ontology/Person",
        "http://dbpedia.org/ontology/Agent",
        "http://www.w3.org/2002/07/owl#Thing"
    ],
    "http://dbpedia.org/ontology/SoccerClubSeason": [
        "http://dbpedia.org/ontology/SoccerClubSeason",
        "http://dbpedia.org/ontology/SportsTeamSeason",
        "http://dbpedia.org/ontology/SportsSeason",
        "http://www.w3.org/2002/07/owl#Thing"
    ],
    "http://dbpedia.org/ontology/Place": [
        "http://dbpedia.org/ontology/Place",
        "http://www.w3.org/2002/07/owl#Thing"
    ],
    "http://dbpedia.org/ontology/RugbyClub": [
        "http://dbpedia.org/ontology/RugbyClub",
        "http://dbpedia.org/ontology/SportsTeam",
        "http://dbpedia.org/ontology/Organisation",
        "http://dbpedia.org/ontology/Agent",
        "http://www.w3.org/2002/07/owl#Thing"
    ],
    "http://dbpedia.org/ontology/SoccerClub": [
        "http://dbpedia.org/ontology/SoccerClub",
        "http://dbpedia.org/ontology/SportsTeam",
        "http://dbpedia.org/ontology/Organisation",
        "http://dbpedia.org/ontology/Agent",
        "http://www.w3.org/2002/07/owl#Thing"
    ],
    "http://dbpedia.org/ontology/PrimeMinister": [
        "http://dbpedia.org/ontology/PrimeMinister",
        "http://dbpedia.org/ontology/Politician",
        "http://dbpedia.org/ontology/Person",
        "http://dbpedia.org/ontology/Agent",
        "http://www.w3.org/2002/07/owl#Thing"
    ],
    "http://dbpedia.org/ontology/AdministrativeRegion": [
        "http://dbpedia.org/ontology/AdministrativeRegion",
        "http://dbpedia.org/ontology/Region",
        "http://dbpedia.org/ontology/PopulatedPlace",
        "http://dbpedia.org/ontology/Place",
        "http://www.w3.org/2002/07/owl#Thing"
    ],
    "http://dbpedia.org/ontology/TelevisionShow": [
        "http://dbpedia.org/ontology/TelevisionShow",
        "http://dbpedia.org/ontology/Work",
        "http://www.w3.org/2002/07/owl#Thing"
    ],
    "http://dbpedia.org/ontology/SportFacility": [
        "http://dbpedia.org/ontology/SportFacility",
        "http://dbpedia.org/ontology/ArchitecturalStructure",
        "http://dbpedia.org/ontology/Place",
        "http://www.w3.org/2002/07/owl#Thing"
    ],
    "http://dbpedia.org/ontology/ArchitecturalStructure": [
        "http://dbpedia.org/ontology/ArchitecturalStructure",
        "http://dbpedia.org/ontology/Place",
        "http://www.w3.org/2002/07/owl#Thing"
    ],
    "http://dbpedia.org/ontology/SportsTeamSeason": [
        "http://dbpedia.org/ontology/SportsTeamSeason",
        "http://dbpedia.org/ontology/SportsSeason",
        "http://www.w3.org/2002/07/owl#Thing"
    ],
    "http://dbpedia.org/ontology/MythologicalFigure": [
        "http://dbpedia.org/ontology/MythologicalFigure",
        "http://dbpedia.org/ontology/FictionalCharacter",
        "http://dbpedia.org/ontology/Person",
        "http://dbpedia.org/ontology/Agent",
        "http://www.w3.org/2002/07/owl#Thing"
    ],
    "http://dbpedia.org/ontology/VideoGame": [
        "http://dbpedia.org/ontology/VideoGame",
        "http://dbpedia.org/ontology/Software",
        "http://dbpedia.org/ontology/Work",
        "http://www.w3.org/2002/07/owl#Thing"
    ],
    "http://dbpedia.org/ontology/Region": [
        "http://dbpedia.org/ontology/Region",
        "http://dbpedia.org/ontology/PopulatedPlace",
        "http://dbpedia.org/ontology/Place",
        "http://www.w3.org/2002/07/owl#Thing"
    ],
    "http://dbpedia.org/ontology/EducationalInstitution": [
        "http://dbpedia.org/ontology/EducationalInstitution",
        "http://dbpedia.org/ontology/Organisation",
        "http://dbpedia.org/ontology/Agent",
        "http://www.w3.org/2002/07/owl#Thing"
    ],
    "http://dbpedia.org/ontology/Stadium": [
        "http://dbpedia.org/ontology/Stadium",
        "http://dbpedia.org/ontology/SportFacility",
        "http://dbpedia.org/ontology/ArchitecturalStructure",
        "http://dbpedia.org/ontology/Place",
        "http://www.w3.org/2002/07/owl#Thing"
    ],
    "http://dbpedia.org/ontology/Company": [
        "http://dbpedia.org/ontology/Company",
        "http://dbpedia.org/ontology/Organisation",
        "http://dbpedia.org/ontology/Agent",
        "http://www.w3.org/2002/07/owl#Thing"
    ],
    "http://dbpedia.org/ontology/BaseballLeague": [
        "http://dbpedia.org/ontology/BaseballLeague",
        "http://dbpedia.org/ontology/SportsLeague",
        "http://dbpedia.org/ontology/Organisation",
        "http://dbpedia.org/ontology/Agent",
        "http://www.w3.org/2002/07/owl#Thing"
    ],
    "http://dbpedia.org/ontology/Artist": [
        "http://dbpedia.org/ontology/Artist",
        "http://dbpedia.org/ontology/Person",
        "http://dbpedia.org/ontology/Agent",
        "http://www.w3.org/2002/07/owl#Thing"
    ],
    "http://dbpedia.org/ontology/TelevisionStation": [
        "http://dbpedia.org/ontology/TelevisionStation",
        "http://dbpedia.org/ontology/Broadcaster",
        "http://dbpedia.org/ontology/Organisation",
        "http://dbpedia.org/ontology/Agent",
        "http://www.w3.org/2002/07/owl#Thing"
    ],
    "http://dbpedia.org/ontology/Band": [
        "http://dbpedia.org/ontology/Band",
        "http://dbpedia.org/ontology/Group",
        "http://dbpedia.org/ontology/Organisation",
        "http://dbpedia.org/ontology/Agent",
        "http://www.w3.org/2002/07/owl#Thing"
    ],
    "http://dbpedia.org/ontology/GrandPrix": [
        "http://dbpedia.org/ontology/GrandPrix",
        "http://dbpedia.org/ontology/SportsEvent",
        "http://dbpedia.org/ontology/SocietalEvent",
        "http://dbpedia.org/ontology/Event",
        "http://www.w3.org/2002/07/owl#Thing"
    ],
    "http://dbpedia.org/ontology/Infrastructure": [
        "http://dbpedia.org/ontology/Infrastructure",
        "http://dbpedia.org/ontology/ArchitecturalStructure",
        "http://dbpedia.org/ontology/Place",
        "http://www.w3.org/2002/07/owl#Thing"
    ],
    "http://dbpedia.org/ontology/Swimmer": [
        "http://dbpedia.org/ontology/Swimmer",
        "http://dbpedia.org/ontology/Athlete",
        "http://dbpedia.org/ontology/Person",
        "http://dbpedia.org/ontology/Agent",
        "http://www.w3.org/2002/07/owl#Thing"
    ],
    "http://dbpedia.org/ontology/SoccerLeague": [
        "http://dbpedia.org/ontology/SoccerLeague",
        "http://dbpedia.org/ontology/SportsLeague",
        "http://dbpedia.org/ontology/Organisation",
        "http://dbpedia.org/ontology/Agent",
        "http://www.w3.org/2002/07/owl#Thing"
    ],
    "http://dbpedia.org/ontology/Politician": [
        "http://dbpedia.org/ontology/Politician",
        "http://dbpedia.org/ontology/Person",
        "http://dbpedia.org/ontology/Agent",
        "http://www.w3.org/2002/07/owl#Thing"
    ],
    "http://dbpedia.org/ontology/BodyOfWater": [
        "http://dbpedia.org/ontology/BodyOfWater",
        "http://dbpedia.org/ontology/NaturalPlace",
        "http://dbpedia.org/ontology/Place",
        "http://www.w3.org/2002/07/owl#Thing"
    ],
    "http://www.w3.org/2002/07/owl#Thing": [
        "http://www.w3.org/2002/07/owl#Thing"
    ],
    "http://dbpedia.org/ontology/Award": [
        "http://dbpedia.org/ontology/Award",
        "http://www.w3.org/2002/07/owl#Thing"
    ],
    "http://dbpedia.org/ontology/Work": [
        "http://dbpedia.org/ontology/Work",
        "http://www.w3.org/2002/07/owl#Thing"
    ],
    "http://dbpedia.org/ontology/Airline": [
        "http://dbpedia.org/ontology/Airline",
        "http://dbpedia.org/ontology/Company",
        "http://dbpedia.org/ontology/Organisation",
        "http://dbpedia.org/ontology/Agent",
        "http://www.w3.org/2002/07/owl#Thing"
    ],
    "http://dbpedia.org/ontology/President": [
        "http://dbpedia.org/ontology/President",
        "http://dbpedia.org/ontology/Politician",
        "http://dbpedia.org/ontology/Person",
        "http://dbpedia.org/ontology/Agent",
        "http://www.w3.org/2002/07/owl#Thing"
    ],
    "http://dbpedia.org/ontology/Plant": [
        "http://dbpedia.org/ontology/Plant",
        "http://dbpedia.org/ontology/Eukaryote",
        "http://dbpedia.org/ontology/Species",
        "http://www.w3.org/2002/07/owl#Thing"
    ],
    "http://dbpedia.org/ontology/Singer": [
        "http://dbpedia.org/ontology/Singer",
        "http://dbpedia.org/ontology/MusicalArtist",
        "http://dbpedia.org/ontology/Artist",
        "http://dbpedia.org/ontology/Person",
        "http://dbpedia.org/ontology/Agent",
        "http://www.w3.org/2002/07/owl#Thing"
    ],
    "http://dbpedia.org/ontology/SportsEvent": [
        "http://dbpedia.org/ontology/SportsEvent",
        "http://dbpedia.org/ontology/SocietalEvent",
        "http://dbpedia.org/ontology/Event",
        "http://www.w3.org/2002/07/owl#Thing"
    ],
    "http://dbpedia.org/ontology/Album": [
        "http://dbpedia.org/ontology/Album",
        "http://dbpedia.org/ontology/MusicalWork",
        "http://dbpedia.org/ontology/Work",
        "http://www.w3.org/2002/07/owl#Thing"
    ],
    "http://dbpedia.org/ontology/Broadcaster": [
        "http://dbpedia.org/ontology/Broadcaster",
        "http://dbpedia.org/ontology/Organisation",
        "http://dbpedia.org/ontology/Agent",
        "http://www.w3.org/2002/07/owl#Thing"
    ],
    "http://dbpedia.org/ontology/WinterSportPlayer": [
        "http://dbpedia.org/ontology/WinterSportPlayer",
        "http://dbpedia.org/ontology/Athlete",
        "http://dbpedia.org/ontology/Person",
        "http://dbpedia.org/ontology/Agent",
        "http://www.w3.org/2002/07/owl#Thing"
    ],
    "http://dbpedia.org/ontology/Scientist": [
        "http://dbpedia.org/ontology/Scientist",
        "http://dbpedia.org/ontology/Person",
        "http://dbpedia.org/ontology/Agent",
        "http://www.w3.org/2002/07/owl#Thing"
    ],
    "http://dbpedia.org/ontology/Person": [
        "http://dbpedia.org/ontology/Person",
        "http://dbpedia.org/ontology/Agent",
        "http://www.w3.org/2002/07/owl#Thing"
    ],
    "http://dbpedia.org/ontology/River": [
        "http://dbpedia.org/ontology/River",
        "http://dbpedia.org/ontology/Stream",
        "http://dbpedia.org/ontology/BodyOfWater",
        "http://dbpedia.org/ontology/NaturalPlace",
        "http://dbpedia.org/ontology/Place",
        "http://www.w3.org/2002/07/owl#Thing"
    ],
    "http://dbpedia.org/ontology/Race": [
        "http://dbpedia.org/ontology/Race",
        "http://dbpedia.org/ontology/SportsEvent",
        "http://dbpedia.org/ontology/SocietalEvent",
        "http://dbpedia.org/ontology/Event",
        "http://www.w3.org/2002/07/owl#Thing"
    ],
    "http://dbpedia.org/ontology/Building": [
        "http://dbpedia.org/ontology/Building",
        "http://dbpedia.org/ontology/ArchitecturalStructure",
        "http://dbpedia.org/ontology/Place",
        "http://www.w3.org/2002/07/owl#Thing"
    ],
    "http://dbpedia.org/ontology/Economist": [
        "http://dbpedia.org/ontology/Economist",
        "http://dbpedia.org/ontology/Person",
        "http://dbpedia.org/ontology/Agent",
        "http://www.w3.org/2002/07/owl#Thing"
    ],
    "http://dbpedia.org/ontology/Settlement": [
        "http://dbpedia.org/ontology/Settlement",
        "http://dbpedia.org/ontology/PopulatedPlace",
        "http://dbpedia.org/ontology/Place",
        "http://www.w3.org/2002/07/owl#Thing"
    ],
    "http://dbpedia.org/ontology/TrackList": [
        "http://dbpedia.org/ontology/TrackList",
        "http://dbpedia.org/ontology/List",
        "http://www.w3.org/2002/07/owl#Thing"
    ],
    "http://dbpedia.org/ontology/Tournament": [
        "http://dbpedia.org/ontology/Tournament",
        "http://dbpedia.org/ontology/SportsEvent",
        "http://dbpedia.org/ontology/SocietalEvent",
        "http://dbpedia.org/ontology/Event",
        "http://www.w3.org/2002/07/owl#Thing"
    ],
    "http://dbpedia.org/ontology/MilitaryConflict": [
        "http://dbpedia.org/ontology/MilitaryConflict",
        "http://dbpedia.org/ontology/SocietalEvent",
        "http://dbpedia.org/ontology/Event",
        "http://www.w3.org/2002/07/owl#Thing"
    ],
    "http://dbpedia.org/ontology/Philosopher": [
        "http://dbpedia.org/ontology/Philosopher",
        "http://dbpedia.org/ontology/Person",
        "http://dbpedia.org/ontology/Agent",
        "http://www.w3.org/2002/07/owl#Thing"
    ],
    "http://dbpedia.org/ontology/MilitaryUnit": [
        "http://dbpedia.org/ontology/MilitaryUnit",
        "http://dbpedia.org/ontology/Organisation",
        "http://dbpedia.org/ontology/Agent",
        "http://www.w3.org/2002/07/owl#Thing"
    ],
    "http://dbpedia.org/ontology/Agent": [
        "http://dbpedia.org/ontology/Agent",
        "http://www.w3.org/2002/07/owl#Thing"
    ],
    "http://dbpedia.org/ontology/NaturalPlace": [
        "http://dbpedia.org/ontology/NaturalPlace",
        "http://dbpedia.org/ontology/Place",
        "http://www.w3.org/2002/07/owl#Thing"
    ],
    "http://dbpedia.org/ontology/Guitarist": [
        "http://dbpedia.org/ontology/Guitarist",
        "http://dbpedia.org/ontology/Instrumentalist",
        "http://dbpedia.org/ontology/MusicalArtist",
        "http://dbpedia.org/ontology/Artist",
        "http://dbpedia.org/ontology/Person",
        "http://dbpedia.org/ontology/Agent",
        "http://www.w3.org/2002/07/owl#Thing"
    ],
    "http://dbpedia.org/ontology/Species": [
        "http://dbpedia.org/ontology/Species",
        "http://www.w3.org/2002/07/owl#Thing"
    ],
    "http://dbpedia.org/ontology/Royalty": [
        "http://dbpedia.org/ontology/Royalty",
        "http://dbpedia.org/ontology/Person",
        "http://dbpedia.org/ontology/Agent",
        "http://www.w3.org/2002/07/owl#Thing"
    ],
    "http://dbpedia.org/ontology/RacingDriver": [
        "http://dbpedia.org/ontology/RacingDriver",
        "http://dbpedia.org/ontology/MotorsportRacer",
        "http://dbpedia.org/ontology/Athlete",
        "http://dbpedia.org/ontology/Person",
        "http://dbpedia.org/ontology/Agent",
        "http://www.w3.org/2002/07/owl#Thing"
    ],
    "http://dbpedia.org/ontology/FloweringPlant": [
        "http://dbpedia.org/ontology/FloweringPlant",
        "http://dbpedia.org/ontology/Plant",
        "http://dbpedia.org/ontology/Eukaryote",
        "http://dbpedia.org/ontology/Species",
        "http://www.w3.org/2002/07/owl#Thing"
    ],
    "http://dbpedia.org/ontology/Decoration": [
        "http://dbpedia.org/ontology/Decoration",
        "http://dbpedia.org/ontology/Award",
        "http://www.w3.org/2002/07/owl#Thing"
    ],
    "http://dbpedia.org/ontology/Organisation": [
        "http://dbpedia.org/ontology/Organisation",
        "http://dbpedia.org/ontology/Agent",
        "http://www.w3.org/2002/07/owl#Thing"
    ],
    "http://dbpedia.org/ontology/ClassicalMusicArtist": [
        "http://dbpedia.org/ontology/ClassicalMusicArtist",
        "http://dbpedia.org/ontology/MusicalArtist",
        "http://dbpedia.org/ontology/Artist",
        "http://dbpedia.org/ontology/Person",
        "http://dbpedia.org/ontology/Agent",
        "http://www.w3.org/2002/07/owl#Thing"
    ],
    "http://dbpedia.org/ontology/MusicalWork": [
        "http://dbpedia.org/ontology/MusicalWork",
        "http://dbpedia.org/ontology/Work",
        "http://www.w3.org/2002/07/owl#Thing"
    ],
    "http://dbpedia.org/ontology/WrittenWork": [
        "http://dbpedia.org/ontology/WrittenWork",
        "http://dbpedia.org/ontology/Work",
        "http://www.w3.org/2002/07/owl#Thing"
    ],
    "http://dbpedia.org/ontology/SoccerTournament": [
        "http://dbpedia.org/ontology/SoccerTournament",
        "http://dbpedia.org/ontology/Tournament",
        "http://dbpedia.org/ontology/SportsEvent",
        "http://dbpedia.org/ontology/SocietalEvent",
        "http://dbpedia.org/ontology/Event",
        "http://www.w3.org/2002/07/owl#Thing"
    ],
    "http://dbpedia.org/ontology/SocietalEvent": [
        "http://dbpedia.org/ontology/SocietalEvent",
        "http://dbpedia.org/ontology/Event",
        "http://www.w3.org/2002/07/owl#Thing"
    ],
    "http://dbpedia.org/ontology/Instrumentalist": [
        "http://dbpedia.org/ontology/Instrumentalist",
        "http://dbpedia.org/ontology/MusicalArtist",
        "http://dbpedia.org/ontology/Artist",
        "http://dbpedia.org/ontology/Person",
        "http://dbpedia.org/ontology/Agent",
        "http://www.w3.org/2002/07/owl#Thing"
    ],
    "http://dbpedia.org/ontology/PopulatedPlace": [
        "http://dbpedia.org/ontology/PopulatedPlace",
        "http://dbpedia.org/ontology/Place",
        "http://www.w3.org/2002/07/owl#Thing"
    ],
    "http://dbpedia.org/ontology/HorseRace": [
        "http://dbpedia.org/ontology/HorseRace",
        "http://dbpedia.org/ontology/Race",
        "http://dbpedia.org/ontology/SportsEvent",
        "http://dbpedia.org/ontology/SocietalEvent",
        "http://dbpedia.org/ontology/Event",
        "http://www.w3.org/2002/07/owl#Thing"
    ],
    "http://dbpedia.org/ontology/OfficeHolder": [
        "http://dbpedia.org/ontology/OfficeHolder",
        "http://dbpedia.org/ontology/Person",
        "http://dbpedia.org/ontology/Agent",
        "http://www.w3.org/2002/07/owl#Thing"
    ],
    "http://dbpedia.org/ontology/Comedian": [
        "http://dbpedia.org/ontology/Comedian",
        "http://dbpedia.org/ontology/Artist",
        "http://dbpedia.org/ontology/Person",
        "http://dbpedia.org/ontology/Agent",
        "http://www.w3.org/2002/07/owl#Thing"
    ],
    "http://dbpedia.org/ontology/Eukaryote": [
        "http://dbpedia.org/ontology/Eukaryote",
        "http://dbpedia.org/ontology/Species",
        "http://www.w3.org/2002/07/owl#Thing"
    ],
    "http://dbpedia.org/ontology/Song": [
        "http://dbpedia.org/ontology/Song",
        "http://dbpedia.org/ontology/MusicalWork",
        "http://dbpedia.org/ontology/Work",
        "http://www.w3.org/2002/07/owl#Thing"
    ],
    "http://dbpedia.org/ontology/Genre": [
        "http://dbpedia.org/ontology/Genre",
        "http://dbpedia.org/ontology/TopicalConcept",
        "http://www.w3.org/2002/07/owl#Thing"
    ],
    "http://dbpedia.org/ontology/Language": [
        "http://dbpedia.org/ontology/Language",
        "http://www.w3.org/2002/07/owl#Thing"
    ],
    "http://dbpedia.org/ontology/State": [
        "http://dbpedia.org/ontology/State",
        "http://dbpedia.org/ontology/PopulatedPlace",
        "http://dbpedia.org/ontology/Place",
        "http://www.w3.org/2002/07/owl#Thing"
    ],
    "http://dbpedia.org/ontology/MusicalArtist": [
        "http://dbpedia.org/ontology/MusicalArtist",
        "http://dbpedia.org/ontology/Artist",
        "http://dbpedia.org/ontology/Person",
        "http://dbpedia.org/ontology/Agent",
        "http://www.w3.org/2002/07/owl#Thing"
    ],
    "http://dbpedia.org/ontology/Book": [
        "http://dbpedia.org/ontology/Book",
        "http://dbpedia.org/ontology/WrittenWork",
        "http://dbpedia.org/ontology/Work",
        "http://www.w3.org/2002/07/owl#Thing"
    ],
    "http://dbpedia.org/ontology/Writer": [
        "http://dbpedia.org/ontology/Writer",
        "http://dbpedia.org/ontology/Person",
        "http://dbpedia.org/ontology/Agent",
        "http://www.w3.org/2002/07/owl#Thing"
    ],
    "http://dbpedia.org/ontology/Country": [
        "http://dbpedia.org/ontology/Country",
        "http://dbpedia.org/ontology/PopulatedPlace",
        "http://dbpedia.org/ontology/Place",
        "http://www.w3.org/2002/07/owl#Thing"
    ],
    "http://dbpedia.org/ontology/Food": [
        "http://dbpedia.org/ontology/Food",
        "http://www.w3.org/2002/07/owl#Thing"
    ],
    "http://dbpedia.org/ontology/Grape": [
        "http://dbpedia.org/ontology/Grape",
        "http://dbpedia.org/ontology/FloweringPlant",
        "http://dbpedia.org/ontology/Plant",
        "http://dbpedia.org/ontology/Eukaryote",
        "http://dbpedia.org/ontology/Species",
        "http://www.w3.org/2002/07/owl#Thing"
    ],
    "http://dbpedia.org/ontology/Stream": [
        "http://dbpedia.org/ontology/Stream",
        "http://dbpedia.org/ontology/BodyOfWater",
        "http://dbpedia.org/ontology/NaturalPlace",
        "http://dbpedia.org/ontology/Place",
        "http://www.w3.org/2002/07/owl#Thing"
    ],
    "http://dbpedia.org/ontology/Software": [
        "http://dbpedia.org/ontology/Software",
        "http://dbpedia.org/ontology/Work",
        "http://www.w3.org/2002/07/owl#Thing"
    ],
    "http://dbpedia.org/ontology/ProgrammingLanguage": [
        "http://dbpedia.org/ontology/ProgrammingLanguage",
        "http://dbpedia.org/ontology/Language",
        "http://www.w3.org/2002/07/owl#Thing"
    ],
    "http://dbpedia.org/ontology/Actor": [
        "http://dbpedia.org/ontology/Actor",
        "http://dbpedia.org/ontology/Artist",
        "http://dbpedia.org/ontology/Person",
        "http://dbpedia.org/ontology/Agent",
        "http://www.w3.org/2002/07/owl#Thing"
    ],
    "http://dbpedia.org/ontology/City": [
        "http://dbpedia.org/ontology/City",
        "http://dbpedia.org/ontology/Settlement",
        "http://dbpedia.org/ontology/PopulatedPlace",
        "http://dbpedia.org/ontology/Place",
        "http://www.w3.org/2002/07/owl#Thing"
    ],
    "http://dbpedia.org/ontology/Territory": [
        "http://dbpedia.org/ontology/Territory",
        "http://dbpedia.org/ontology/PopulatedPlace",
        "http://dbpedia.org/ontology/Place",
        "http://www.w3.org/2002/07/owl#Thing"
    ],
    "http://dbpedia.org/ontology/TopicalConcept": [
        "http://dbpedia.org/ontology/TopicalConcept",
        "http://www.w3.org/2002/07/owl#Thing"
    ],
    "http://dbpedia.org/ontology/MusicFestival": [
        "http://dbpedia.org/ontology/MusicFestival",
        "http://dbpedia.org/ontology/SocietalEvent",
        "http://dbpedia.org/ontology/Event",
        "http://www.w3.org/2002/07/owl#Thing"
    ],
    "http://dbpedia.org/ontology/RadioStation": [
        "http://dbpedia.org/ontology/RadioStation",
        "http://dbpedia.org/ontology/Broadcaster",
        "http://dbpedia.org/ontology/Organisation",
        "http://dbpedia.org/ontology/Agent",
        "http://www.w3.org/2002/07/owl#Thing"
    ],
    "http://dbpedia.org/ontology/RecordLabel": [
        "http://dbpedia.org/ontology/RecordLabel",
        "http://dbpedia.org/ontology/Company",
        "http://dbpedia.org/ontology/Organisation",
        "http://dbpedia.org/ontology/Agent",
        "http://www.w3.org/2002/07/owl#Thing"
    ],
    "http://dbpedia.org/ontology/Town": [
        "http://dbpedia.org/ontology/Town",
        "http://dbpedia.org/ontology/Settlement",
        "http://dbpedia.org/ontology/PopulatedPlace",
        "http://dbpedia.org/ontology/Place",
        "http://www.w3.org/2002/07/owl#Thing"
    ],
    "http://dbpedia.org/ontology/Group": [
        "http://dbpedia.org/ontology/Group",
        "http://dbpedia.org/ontology/Organisation",
        "http://dbpedia.org/ontology/Agent",
        "http://www.w3.org/2002/07/owl#Thing"
    ],
    "http://dbpedia.org/ontology/OldTerritory": [
        "http://dbpedia.org/ontology/OldTerritory",
        "http://dbpedia.org/ontology/Territory",
        "http://dbpedia.org/ontology/PopulatedPlace",
        "http://dbpedia.org/ontology/Place",
        "http://www.w3.org/2002/07/owl#Thing"
    ]
}