{
    "http://dbpedia.org/ontology/Lake": [
        "http://dbpedia.org/ontology/Lake",
        "http://dbpedia.org/ontology/BodyOfWater",
        "http://dbpedia.org/ontology/NaturalPlace",
        "http://dbpedia.org/ontology/Place",
        "http://www.w3.org/2002/07/owl#Thing"
    ],
    "http://dbpedia.org/ontology/Device": [
        "http://dbpedia.org/ontology/Device",
        "http://www.w3.org/2002/07/owl#Thing"
    ],
    "http://dbpedia.org/ontology/SportsTeam": [
        "http://dbpedia.org/ontology/SportsTeam",
        "http://dbpedia.org/ontology/Organisation",
        "http://dbpedia.org/ontology/Agent",
        "http://www.w3.org/2002/07/owl#Thing"
    ],
    "http://dbpedia.org/ontology/IceHockeyPlayer": [
        "http://dbpedia.org/ontology/IceHockeyPlayer",
        "http://dbpedia.org/ontology/WinterSportPlayer",
        "http://dbpedia.org/ontology/Athlete",
        "http://dbpedia.org/ontology/Person",
        "http://dbpedia.org/ontology/Agent",
        "http://www.w3.org/2002/07/owl#Thing"
    ],
    "http://dbpedia.org/ontology/BackScene": [
        "http://dbpedia.org/ontology/BackScene",
        "http://dbpedia.org/ontology/MusicalArtist",
        "http://dbpedia.org/ontology/Artist",
        "http://dbpedia.org/ontology/Person",
        "http://dbpedia.org/ontology/Agent",
        "http://www.w3.org/2002/07/owl#Thing"
    ],
    "http://dbpedia.org/ontology/Event": [
        "http://dbpedia.org/ontology/Event",
        "http://www.w3.org/2002/07/owl#Thing"
    ],
    "http://dbpedia.org/ontology/Road": [
        "http://dbpedia.org/ontology/Road",
        "http://dbpedia.org/ontology/RouteOfTransportation",
        "http://dbpedia.org/ontology/Infrastructure",
        "http://dbpedia.org/ontology/ArchitecturalStructure",
        "http://dbpedia.org/ontology/Place",
        "http://www.w3.org/2002/07/owl#Thing"
    ],
    "http://dbpedia.org/ontology/Mountain": [
        "http://dbpedia.org/ontology/Mountain",
        "http://dbpedia.org/ontology/NaturalPlace",
        "http://dbpedia.org/ontology/Place",
        "http://www.w3.org/2002/07/owl#Thing"
    ],
    "http://dbpedia.org/ontology/PoliticalParty": [
        "http://dbpedia.org/ontology/PoliticalParty",
        "http://dbpedia.org/ontology/Organisation",
        "http://dbpedia.org/ontology/Agent",
        "http://www.w3.org/2002/07/owl#Thing"
    ],
    "http://dbpedia.org/ontology/HollywoodCartoon": [
        "http://dbpedia.org/ontology/HollywoodCartoon",
        "http://dbpedia.org/ontology/Cartoon",
        "http://dbpedia.org/ontology/Work",
        "http://www.w3.org/2002/07/owl#Thing"
    ],
    "http://dbpedia.org/ontology/Island": [
        "http://dbpedia.org/ontology/Island",
        "http://dbpedia.org/ontology/PopulatedPlace",
        "http://dbpedia.org/ontology/Place",
        "http://www.w3.org/2002/07/owl#Thing"
    ],
    "http://dbpedia.org/ontology/Venue": [
        "http://dbpedia.org/ontology/Venue",
        "http://dbpedia.org/ontology/ArchitecturalStructure",
        "http://dbpedia.org/ontology/Place",
        "http://www.w3.org/2002/07/owl#Thing"
    ],
    "http://dbpedia.org/ontology/MusicGenre": [
        "http://dbpedia.org/ontology/MusicGenre",
        "http://dbpedia.org/ontology/Genre",
        "http://dbpedia.org/ontology/TopicalConcept",
        "http://www.w3.org/2002/07/owl#Thing"
    ],
    "http://dbpedia.org/ontology/HockeyTeam": [
        "http://dbpedia.org/ontology/HockeyTeam",
        "http://dbpedia.org/ontology/SportsTeam",
        "http://dbpedia.org/ontology/Organisation",
        "http://dbpedia.org/ontology/Agent",
        "http://www.w3.org/2002/07/owl#Thing"
    ],
    "http://dbpedia.org/ontology/Athlete": [
        "http://dbpedia.org/ontology/Athlete",
        "http://dbpedia.org/ontology/Person",
        "http://dbpedia.org/ontology/Agent",
        "http://www.w3.org/2002/07/owl#Thing"
    ],
    "http://dbpedia.org/ontology/SportsSeason": [
        "http://dbpedia.org/ontology/SportsSeason",
        "http://www.w3.org/2002/07/owl#Thing"
    ],
    "http://dbpedia.org/ontology/Play": [
        "http://dbpedia.org/ontology/Play",
        "http://dbpedia.org/ontology/WrittenWork",
        "http://dbpedia.org/ontology/Work",
        "http://www.w3.org/2002/07/owl#Thing"
    ],
    "http://dbpedia.org/ontology/SportsLeague": [
        "http://dbpedia.org/ontology/SportsLeague",
        "http://dbpedia.org/ontology/Organisation",
        "http://dbpedia.org/ontology/Agent",
        "http://www.w3.org/2002/07/owl#Thing"
    ],
    "http://dbpedia.org/ontology/Film": [
        "http://dbpedia.org/ontology/Film",
        "http://dbpedia.org/ontology/Work",
        "http://www.w3.org/2002/07/owl#Thing"
    ],
    "http://dbpedia.org/ontology/Single": [
        "http://dbpedia.org/ontology/Single",
        "http://dbpedia.org/ontology/MusicalWork",
        "http://dbpedia.org/ontology/Work",
        "http://www.w3.org/2002/07/owl#Thing"
    ],
    "http://dbpedia.org/ontology/Village": [
        "http://dbpedia.org/ontology/Village",
        "http://dbpedia.org/ontology/Settlement",
        "http://dbpedia.org/ontology/PopulatedPlace",
        "http://dbpedia.org/ontology/Place",
        "http://www.w3.org/2002/07/owl#Thing"
    ],
    "http://dbpedia.org/ontology/University": [
        "http://dbpedia.org/ontology/University",
        "http://dbpedia.org/ontology/EducationalInstitution",
        "http://dbpedia.org/ontology/Organisation",
        "http://dbpedia.org/ontology/Agent",
        "http://www.w3.org/2002/07/owl#Thing"
    ],
    "http://dbpedia.org/ontology/InformationAppliance": [
        "http://dbpedia.org/ontology/InformationAppliance",
        "http://dbpedia.org/ontology/Device",
        "http://www.w3.org/2002/07/owl#Thing"
    ],
    "http://dbpedia.org/ontology/FictionalCharacter": [
        "http://dbpedia.org/ontology/FictionalCharacter",
        "http://dbpedia.org/ontology/Person",
        "http://dbpedia.org/ontology/Agent",
        "http://www.w3.org/2002/07/owl#Thing"
    ],
    "http://dbpedia.org/ontology/SoccerClubSeason": [
        "http://dbpedia.org/ontology/SoccerClubSeason",
        "http://dbpedia.org/ontology/SportsTeamSeason",
        "http://dbpedia.org/ontology/SportsSeason",
        "http://www.w3.org/2002/07/owl#Thing"
    ],
    "http://dbpedia.org/ontology/Place": [
        "http://dbpedia.org/ontology/Place",
        "http://www.w3.org/2002/07/owl#Thing"
    ],
    "http://dbpedia.org/ontology/SoccerClub": [
        "http://dbpedia.org/ontology/SoccerClub",
        "http://dbpedia.org/ontology/SportsTeam",
        "http://dbpedia.org/ontology/Organisation",
        "http://dbpedia.org/ontology/Agent",
        "http://www.w3.org/2002/07/owl#Thing"
    ],
    "http://dbpedia.org/ontology/PrimeMinister": [
        "http://dbpedia.org/ontology/PrimeMinister",
        "http://dbpedia.org/ontology/Politician",
        "http://dbpedia.org/ontology/Person",
        "http://dbpedia.org/ontology/Agent",
        "http://www.w3.org/2002/07/owl#Thing"
    ],
    "http://dbpedia.org/ontology/Ambassador": [
        "http://dbpedia.org/ontology/Ambassador",
        "http://dbpedia.org/ontology/Person",
        "http://dbpedia.org/ontology/Agent",
        "http://www.w3.org/2002/07/owl#Thing"
    ],
    "http://dbpedia.org/ontology/SoccerManager": [
        "http://dbpedia.org/ontology/SoccerManager",
        "http://dbpedia.org/ontology/SportsManager",
        "http://dbpedia.org/ontology/Person",
        "http://dbpedia.org/ontology/Agent",
        "http://www.w3.org/2002/07/owl#Thing"
    ],
    "http://dbpedia.org/ontology/Cartoon": [
        "http://dbpedia.org/ontology/Cartoon",
        "http://dbpedia.org/ontology/Work",
        "http://www.w3.org/2002/07/owl#Thing"
    ],
    "http://dbpedia.org/ontology/AdministrativeRegion": [
        "http://dbpedia.org/ontology/AdministrativeRegion",
        "http://dbpedia.org/ontology/Region",
        "http://dbpedia.org/ontology/PopulatedPlace",
        "http://dbpedia.org/ontology/Place",
        "http://www.w3.org/2002/07/owl#Thing"
    ],
    "http://dbpedia.org/ontology/TelevisionShow": [
        "http://dbpedia.org/ontology/TelevisionShow",
        "http://dbpedia.org/ontology/Work",
        "http://www.w3.org/2002/07/owl#Thing"
    ],
    "http://dbpedia.org/ontology/Cricketer": [
        "http://dbpedia.org/ontology/Cricketer",
        "http://dbpedia.org/ontology/Athlete",
        "http://dbpedia.org/ontology/Person",
        "http://dbpedia.org/ontology/Agent",
        "http://www.w3.org/2002/07/owl#Thing"
    ],
    "http://dbpedia.org/ontology/SportFacility": [
        "http://dbpedia.org/ontology/SportFacility",
        "http://dbpedia.org/ontology/ArchitecturalStructure",
        "http://dbpedia.org/ontology/Place",
        "http://www.w3.org/2002/07/owl#Thing"
    ],
    "http://dbpedia.org/ontology/RouteOfTransportation": [
        "http://dbpedia.org/ontology/RouteOfTransportation",
        "http://dbpedia.org/ontology/Infrastructure",
        "http://dbpedia.org/ontology/ArchitecturalStructure",
        "http://dbpedia.org/ontology/Place",
        "http://www.w3.org/2002/07/owl#Thing"
    ],
    "http://dbpedia.org/ontology/ArchitecturalStructure": [
        "http://dbpedia.org/ontology/ArchitecturalStructure",
        "http://dbpedia.org/ontology/Place",
        "http://www.w3.org/2002/07/owl#Thing"
    ],
    "http://dbpedia.org/ontology/SportsTeamSeason": [
        "http://dbpedia.org/ontology/SportsTeamSeason",
        "http://dbpedia.org/ontology/SportsSeason",
        "http://www.w3.org/2002/07/owl#Thing"
    ],
    "http://dbpedia.org/ontology/GridironFootballPlayer": [
        "http://dbpedia.org/ontology/GridironFootballPlayer",
        "http://dbpedia.org/ontology/Athlete",
        "http://dbpedia.org/ontology/Person",
        "http://dbpedia.org/ontology/Agent",
        "http://www.w3.org/2002/07/owl#Thing"
    ],
    "http://dbpedia.org/ontology/VideoGame": [
        "http://dbpedia.org/ontology/VideoGame",
        "http://dbpedia.org/ontology/Software",
        "http://dbpedia.org/ontology/Work",
        "http://www.w3.org/2002/07/owl#Thing"
    ],
    "http://dbpedia.org/ontology/Region": [
        "http://dbpedia.org/ontology/Region",
        "http://dbpedia.org/ontology/PopulatedPlace",
        "http://dbpedia.org/ontology/Place",
        "http://www.w3.org/2002/07/owl#Thing"
    ],
    "http://dbpedia.org/ontology/EducationalInstitution": [
        "http://dbpedia.org/ontology/EducationalInstitution",
        "http://dbpedia.org/ontology/Organisation",
        "http://dbpedia.org/ontology/Agent",
        "http://www.w3.org/2002/07/owl#Thing"
    ],
    "http://dbpedia.org/ontology/Stadium": [
        "http://dbpedia.org/ontology/Stadium",
        "http://dbpedia.org/ontology/SportFacility",
        "http://dbpedia.org/ontology/ArchitecturalStructure",
        "http://dbpedia.org/ontology/Place",
        "http://www.w3.org/2002/07/owl#Thing"
    ],
    "http://dbpedia.org/ontology/Wrestler": [
        "http://dbpedia.org/ontology/Wrestler",
        "http://dbpedia.org/ontology/Athlete",
        "http://dbpedia.org/ontology/Person",
        "http://dbpedia.org/ontology/Agent",
        "http://www.w3.org/2002/07/owl#Thing"
    ],
    "http://dbpedia.org/ontology/WomensTennisAssociationTournament": [
        "http://dbpedia.org/ontology/WomensTennisAssociationTournament",
        "http://dbpedia.org/ontology/Tournament",
        "http://dbpedia.org/ontology/SportsEvent",
        "http://dbpedia.org/ontology/SocietalEvent",
        "http://dbpedia.org/ontology/Event",
        "http://www.w3.org/2002/07/owl#Thing"
    ],
    "http://dbpedia.org/ontology/Company": [
        "http://dbpedia.org/ontology/Company",
        "http://dbpedia.org/ontology/Organisation",
        "http://dbpedia.org/ontology/Agent",
        "http://www.w3.org/2002/07/owl#Thing"
    ],
    "http://dbpedia.org/ontology/Artist": [
        "http://dbpedia.org/ontology/Artist",
        "http://dbpedia.org/ontology/Person",
        "http://dbpedia.org/ontology/Agent",
        "http://www.w3.org/2002/07/owl#Thing"
    ],
    "http://dbpedia.org/ontology/TelevisionStation": [
        "http://dbpedia.org/ontology/TelevisionStation",
        "http://dbpedia.org/ontology/Broadcaster",
        "http://dbpedia.org/ontology/Organisation",
        "http://dbpedia.org/ontology/Agent",
        "http://www.w3.org/2002/07/owl#Thing"
    ],
    "http://dbpedia.org/ontology/Band": [
        "http://dbpedia.org/ontology/Band",
        "http://dbpedia.org/ontology/Group",
        "http://dbpedia.org/ontology/Organisation",
        "http://dbpedia.org/ontology/Agent",
        "http://www.w3.org/2002/07/owl#Thing"
    ],
    "http://dbpedia.org/ontology/Infrastructure": [
        "http://dbpedia.org/ontology/Infrastructure",
        "http://dbpedia.org/ontology/ArchitecturalStructure",
        "http://dbpedia.org/ontology/Place",
        "http://www.w3.org/2002/07/owl#Thing"
    ],
    "http://dbpedia.org/ontology/SoccerLeague": [
        "http://dbpedia.org/ontology/SoccerLeague",
        "http://dbpedia.org/ontology/SportsLeague",
        "http://dbpedia.org/ontology/Organisation",
        "http://dbpedia.org/ontology/Agent",
        "http://www.w3.org/2002/07/owl#Thing"
    ],
    "http://dbpedia.org/ontology/Politician": [
        "http://dbpedia.org/ontology/Politician",
        "http://dbpedia.org/ontology/Person",
        "http://dbpedia.org/ontology/Agent",
        "http://www.w3.org/2002/07/owl#Thing"
    ],
    "http://dbpedia.org/ontology/BodyOfWater": [
        "http://dbpedia.org/ontology/BodyOfWater",
        "http://dbpedia.org/ontology/NaturalPlace",
        "http://dbpedia.org/ontology/Place",
        "http://www.w3.org/2002/07/owl#Thing"
    ],
    "http://www.w3.org/2002/07/owl#Thing": [
        "http://www.w3.org/2002/07/owl#Thing"
    ],
    "http://dbpedia.org/ontology/BasketballLeague": [
        "http://dbpedia.org/ontology/BasketballLeague",
        "http://dbpedia.org/ontology/SportsLeague",
        "http://dbpedia.org/ontology/Organisation",
        "http://dbpedia.org/ontology/Agent",
        "http://www.w3.org/2002/07/owl#Thing"
    ],
    "http://dbpedia.org/ontology/Work": [
        "http://dbpedia.org/ontology/Work",
        "http://www.w3.org/2002/07/owl#Thing"
    ],
    "http://dbpedia.org/ontology/MeanOfTransportation": [
        "http://dbpedia.org/ontology/MeanOfTransportation",
        "http://www.w3.org/2002/07/owl#Thing"
    ],
    "http://dbpedia.org/ontology/President": [
        "http://dbpedia.org/ontology/President",
        "http://dbpedia.org/ontology/Politician",
        "http://dbpedia.org/ontology/Person",
        "http://dbpedia.org/ontology/Agent",
        "http://www.w3.org/2002/07/owl#Thing"
    ],
    "http://dbpedia.org/ontology/Singer": [
        "http://dbpedia.org/ontology/Singer",
        "http://dbpedia.org/ontology/MusicalArtist",
        "http://dbpedia.org/ontology/Artist",
        "http://dbpedia.org/ontology/Person",
        "http://dbpedia.org/ontology/Agent",
        "http://www.w3.org/2002/07/owl#Thing"
    ],
    "http://dbpedia.org/ontology/BasketballPlayer": [
        "http://dbpedia.org/ontology/BasketballPlayer",
        "http://dbpedia.org/ontology/Athlete",
        "http://dbpedia.org/ontology/Person",
        "http://dbpedia.org/ontology/Agent",
        "http://www.w3.org/2002/07/owl#Thing"
    ],
    "http://dbpedia.org/ontology/SportsEvent": [
        "http://dbpedia.org/ontology/SportsEvent",
        "http://dbpedia.org/ontology/SocietalEvent",
        "http://dbpedia.org/ontology/Event",
        "http://www.w3.org/2002/07/owl#Thing"
    ],
    "http://dbpedia.org/ontology/Album": [
        "http://dbpedia.org/ontology/Album",
        "http://dbpedia.org/ontology/MusicalWork",
        "http://dbpedia.org/ontology/Work",
        "http://www.w3.org/2002/07/owl#Thing"
    ],
    "http://dbpedia.org/ontology/Broadcaster": [
        "http://dbpedia.org/ontology/Broadcaster",
        "http://dbpedia.org/ontology/Organisation",
        "http://dbpedia.org/ontology/Agent",
        "http://www.w3.org/2002/07/owl#Thing"
    ],
    "http://dbpedia.org/ontology/Musical": [
        "http://dbpedia.org/ontology/Musical",
        "http://dbpedia.org/ontology/MusicalWork",
        "http://dbpedia.org/ontology/Work",
        "http://www.w3.org/2002/07/owl#Thing"
    ],
    "http://dbpedia.org/ontology/WinterSportPlayer": [
        "http://dbpedia.org/ontology/WinterSportPlayer",
        "http://dbpedia.org/ontology/Athlete",
        "http://dbpedia.org/ontology/Person",
        "http://dbpedia.org/ontology/Agent",
        "http://www.w3.org/2002/07/owl#Thing"
    ],
    "http://dbpedia.org/ontology/Person": [
        "http://dbpedia.org/ontology/Person",
        "http://dbpedia.org/ontology/Agent",
        "http://www.w3.org/2002/07/owl#Thing"
    ],
    "http://dbpedia.org/ontology/River": [
        "http://dbpedia.org/ontology/River",
        "http://dbpedia.org/ontology/Stream",
        "http://dbpedia.org/ontology/BodyOfWater",
        "http://dbpedia.org/ontology/NaturalPlace",
        "http://dbpedia.org/ontology/Place",
        "http://www.w3.org/2002/07/owl#Thing"
    ],
    "http://dbpedia.org/ontology/Boxer": [
        "http://dbpedia.org/ontology/Boxer",
        "http://dbpedia.org/ontology/Athlete",
        "http://dbpedia.org/ontology/Person",
        "http://dbpedia.org/ontology/Agent",
        "http://www.w3.org/2002/07/owl#Thing"
    ],
    "http://dbpedia.org/ontology/Painting": [
        "http://dbpedia.org/ontology/Painting",
        "http://dbpedia.org/ontology/Artwork",
        "http://dbpedia.org/ontology/Work",
        "http://www.w3.org/2002/07/owl#Thing"
    ],
    "http://dbpedia.org/ontology/Race": [
        "http://dbpedia.org/ontology/Race",
        "http://dbpedia.org/ontology/SportsEvent",
        "http://dbpedia.org/ontology/SocietalEvent",
        "http://dbpedia.org/ontology/Event",
        "http://www.w3.org/2002/07/owl#Thing"
    ],
    "http://dbpedia.org/ontology/Building": [
        "http://dbpedia.org/ontology/Building",
        "http://dbpedia.org/ontology/ArchitecturalStructure",
        "http://dbpedia.org/ontology/Place",
        "http://www.w3.org/2002/07/owl#Thing"
    ],
    "http://dbpedia.org/ontology/Settlement": [
        "http://dbpedia.org/ontology/Settlement",
        "http://dbpedia.org/ontology/PopulatedPlace",
        "http://dbpedia.org/ontology/Place",
        "http://www.w3.org/2002/07/owl#Thing"
    ],
    "http://dbpedia.org/ontology/AmericanFootballPlayer": [
        "http://dbpedia.org/ontology/AmericanFootballPlayer",
        "http://dbpedia.org/ontology/GridironFootballPlayer",
        "http://dbpedia.org/ontology/Athlete",
        "http://dbpedia.org/ontology/Person",
        "http://dbpedia.org/ontology/Agent",
        "http://www.w3.org/2002/07/owl#Thing"
    ],
    "http://dbpedia.org/ontology/Tournament": [
        "http://dbpedia.org/ontology/Tournament",
        "http://dbpedia.org/ontology/SportsEvent",
        "http://dbpedia.org/ontology/SocietalEvent",
        "http://dbpedia.org/ontology/Event",
        "http://www.w3.org/2002/07/owl#Thing"
    ],
    "http://dbpedia.org/ontology/Aircraft": [
        "http://dbpedia.org/ontology/Aircraft",
        "http://dbpedia.org/ontology/MeanOfTransportation",
        "http://www.w3.org/2002/07/owl#Thing"
    ],
    "http://dbpedia.org/ontology/MilitaryConflict": [
        "http://dbpedia.org/ontology/MilitaryConflict",
        "http://dbpedia.org/ontology/SocietalEvent",
        "http://dbpedia.org/ontology/Event",
        "http://www.w3.org/2002/07/owl#Thing"
    ],
    "http://dbpedia.org/ontology/Agent": [
        "http://dbpedia.org/ontology/Agent",
        "http://www.w3.org/2002/07/owl#Thing"
    ],
    "http://dbpedia.org/ontology/GolfPlayer": [
        "http://dbpedia.org/ontology/GolfPlayer",
        "http://dbpedia.org/ontology/Athlete",
        "http://dbpedia.org/ontology/Person",
        "http://dbpedia.org/ontology/Agent",
        "http://www.w3.org/2002/07/owl#Thing"
    ],
    "http://dbpedia.org/ontology/NaturalPlace": [
        "http://dbpedia.org/ontology/NaturalPlace",
        "http://dbpedia.org/ontology/Place",
        "http://www.w3.org/2002/07/owl#Thing"
    ],
    "http://dbpedia.org/ontology/Royalty": [
        "http://dbpedia.org/ontology/Royalty",
        "http://dbpedia.org/ontology/Person",
        "http://dbpedia.org/ontology/Agent",
        "http://www.w3.org/2002/07/owl#Thing"
    ],
    "http://dbpedia.org/ontology/MartialArtist": [
        "http://dbpedia.org/ontology/MartialArtist",
        "http://dbpedia.org/ontology/Athlete",
        "http://dbpedia.org/ontology/Person",
        "http://dbpedia.org/ontology/Agent",
        "http://www.w3.org/2002/07/owl#Thing"
    ],
    "http://dbpedia.org/ontology/Organisation": [
        "http://dbpedia.org/ontology/Organisation",
        "http://dbpedia.org/ontology/Agent",
        "http://www.w3.org/2002/07/owl#Thing"
    ],
    "http://dbpedia.org/ontology/MusicalWork": [
        "http://dbpedia.org/ontology/MusicalWork",
        "http://dbpedia.org/ontology/Work",
        "http://www.w3.org/2002/07/owl#Thing"
    ],
    "http://dbpedia.org/ontology/BroadcastNetwork": [
        "http://dbpedia.org/ontology/BroadcastNetwork",
        "http://dbpedia.org/ontology/Broadcaster",
        "http://dbpedia.org/ontology/Organisation",
        "http://dbpedia.org/ontology/Agent",
        "http://www.w3.org/2002/07/owl#Thing"
    ],
    "http://dbpedia.org/ontology/WrittenWork": [
        "http://dbpedia.org/ontology/WrittenWork",
        "http://dbpedia.org/ontology/Work",
        "http://www.w3.org/2002/07/owl#Thing"
    ],
    "http://dbpedia.org/ontology/ScreenWriter": [
        "http://dbpedia.org/ontology/ScreenWriter",
        "http://dbpedia.org/ontology/Writer",
        "http://dbpedia.org/ontology/Person",
        "http://dbpedia.org/ontology/Agent",
        "http://www.w3.org/2002/07/owl#Thing"
    ],
    "http://dbpedia.org/ontology/SocietalEvent": [
        "http://dbpedia.org/ontology/SocietalEvent",
        "http://dbpedia.org/ontology/Event",
        "http://www.w3.org/2002/07/owl#Thing"
    ],
    "http://dbpedia.org/ontology/Instrumentalist": [
        "http://dbpedia.org/ontology/Instrumentalist",
        "http://dbpedia.org/ontology/MusicalArtist",
        "http://dbpedia.org/ontology/Artist",
        "http://dbpedia.org/ontology/Person",
        "http://dbpedia.org/ontology/Agent",
        "http://www.w3.org/2002/07/owl#Thing"
    ],
    "http://dbpedia.org/ontology/PopulatedPlace": [
        "http://dbpedia.org/ontology/PopulatedPlace",
        "http://dbpedia.org/ontology/Place",
        "http://www.w3.org/2002/07/owl#Thing"
    ],
    "http://dbpedia.org/ontology/HorseRace": [
        "http://dbpedia.org/ontology/HorseRace",
        "http://dbpedia.org/ontology/Race",
        "http://dbpedia.org/ontology/SportsEvent",
        "http://dbpedia.org/ontology/SocietalEvent",
        "http://dbpedia.org/ontology/Event",
        "http://www.w3.org/2002/07/owl#Thing"
    ],
    "http://dbpedia.org/ontology/AnatomicalStructure": [
        "http://dbpedia.org/ontology/AnatomicalStructure",
        "http://www.w3.org/2002/07/owl#Thing"
    ],
    "http://dbpedia.org/ontology/OfficeHolder": [
        "http://dbpedia.org/ontology/OfficeHolder",
        "http://dbpedia.org/ontology/Person",
        "http://dbpedia.org/ontology/Agent",
        "http://www.w3.org/2002/07/owl#Thing"
    ],
    "http://dbpedia.org/ontology/Comedian": [
        "http://dbpedia.org/ontology/Comedian",
        "http://dbpedia.org/ontology/Artist",
        "http://dbpedia.org/ontology/Person",
        "http://dbpedia.org/ontology/Agent",
        "http://www.w3.org/2002/07/owl#Thing"
    ],
    "http://dbpedia.org/ontology/SoccerPlayer": [
        "http://dbpedia.org/ontology/SoccerPlayer",
        "http://dbpedia.org/ontology/Athlete",
        "http://dbpedia.org/ontology/Person",
        "http://dbpedia.org/ontology/Agent",
        "http://www.w3.org/2002/07/owl#Thing"
    ],
    "http://dbpedia.org/ontology/Song": [
        "http://dbpedia.org/ontology/Song",
        "http://dbpedia.org/ontology/MusicalWork",
        "http://dbpedia.org/ontology/Work",
        "http://www.w3.org/2002/07/owl#Thing"
    ],
    "http://dbpedia.org/ontology/Genre": [
        "http://dbpedia.org/ontology/Genre",
        "http://dbpedia.org/ontology/TopicalConcept",
        "http://www.w3.org/2002/07/owl#Thing"
    ],
    "http://dbpedia.org/ontology/Language": [
        "http://dbpedia.org/ontology/Language",
        "http://www.w3.org/2002/07/owl#Thing"
    ],
    "http://dbpedia.org/ontology/State": [
        "http://dbpedia.org/ontology/State",
        "http://dbpedia.org/ontology/PopulatedPlace",
        "http://dbpedia.org/ontology/Place",
        "http://www.w3.org/2002/07/owl#Thing"
    ],
    "http://dbpedia.org/ontology/MusicalArtist": [
        "http://dbpedia.org/ontology/MusicalArtist",
        "http://dbpedia.org/ontology/Artist",
        "http://dbpedia.org/ontology/Person",
        "http://dbpedia.org/ontology/Agent",
        "http://www.w3.org/2002/07/owl#Thing"
    ],
    "http://dbpedia.org/ontology/Book": [
        "http://dbpedia.org/ontology/Book",
        "http://dbpedia.org/ontology/WrittenWork",
        "http://dbpedia.org/ontology/Work",
        "http://www.w3.org/2002/07/owl#Thing"
    ],
    "http://dbpedia.org/ontology/Writer": [
        "http://dbpedia.org/ontology/Writer",
        "http://dbpedia.org/ontology/Person",
        "http://dbpedia.org/ontology/Agent",
        "http://www.w3.org/2002/07/owl#Thing"
    ],
    "http://dbpedia.org/ontology/SportsManager": [
        "http://dbpedia.org/ontology/SportsManager",
        "http://dbpedia.org/ontology/Person",
        "http://dbpedia.org/ontology/Agent",
        "http://www.w3.org/2002/07/owl#Thing"
    ],
    "http://dbpedia.org/ontology/Artwork": [
        "http://dbpedia.org/ontology/Artwork",
        "http://dbpedia.org/ontology/Work",
        "http://www.w3.org/2002/07/owl#Thing"
    ],
    "http://dbpedia.org/ontology/Country": [
        "http://dbpedia.org/ontology/Country",
        "http://dbpedia.org/ontology/PopulatedPlace",
        "http://dbpedia.org/ontology/Place",
        "http://www.w3.org/2002/07/owl#Thing"
    ],
    "http://dbpedia.org/ontology/Stream": [
        "http://dbpedia.org/ontology/Stream",
        "http://dbpedia.org/ontology/BodyOfWater",
        "http://dbpedia.org/ontology/NaturalPlace",
        "http://dbpedia.org/ontology/Place",
        "http://www.w3.org/2002/07/owl#Thing"
    ],
    "http://dbpedia.org/ontology/Software": [
        "http://dbpedia.org/ontology/Software",
        "http://dbpedia.org/ontology/Work",
        "http://www.w3.org/2002/07/owl#Thing"
    ],
    "http://dbpedia.org/ontology/ProgrammingLanguage": [
        "http://dbpedia.org/ontology/ProgrammingLanguage",
        "http://dbpedia.org/ontology/Language",
        "http://www.w3.org/2002/07/owl#Thing"
    ],
    "http://dbpedia.org/ontology/Actor": [
        "http://dbpedia.org/ontology/Actor",
        "http://dbpedia.org/ontology/Artist",
        "http://dbpedia.org/ontology/Person",
        "http://dbpedia.org/ontology/Agent",
        "http://www.w3.org/2002/07/owl#Thing"
    ],
    "http://dbpedia.org/ontology/City": [
        "http://dbpedia.org/ontology/City",
        "http://dbpedia.org/ontology/Settlement",
        "http://dbpedia.org/ontology/PopulatedPlace",
        "http://dbpedia.org/ontology/Place",
        "http://www.w3.org/2002/07/owl#Thing"
    ],
    "http://dbpedia.org/ontology/Automobile": [
        "http://dbpedia.org/ontology/Automobile",
        "http://dbpedia.org/ontology/MeanOfTransportation",
        "http://www.w3.org/2002/07/owl#Thing"
    ],
    "http://dbpedia.org/ontology/TopicalConcept": [
        "http://dbpedia.org/ontology/TopicalConcept",
        "http://www.w3.org/2002/07/owl#Thing"
    ],
    "http://dbpedia.org/ontology/RecordLabel": [
        "http://dbpedia.org/ontology/RecordLabel",
        "http://dbpedia.org/ontology/Company",
        "http://dbpedia.org/ontology/Organisation",
        "http://dbpedia.org/ontology/Agent",
        "http://www.w3.org/2002/07/owl#Thing"
    ],
    "http://dbpedia.org/ontology/Town": [
        "http://dbpedia.org/ontology/Town",
        "http://dbpedia.org/ontology/Settlement",
        "http://dbpedia.org/ontology/PopulatedPlace",
        "http://dbpedia.org/ontology/Place",
        "http://www.w3.org/2002/07/owl#Thing"
    ],
    "http://dbpedia.org/ontology/Group": [
        "http://dbpedia.org/ontology/Group",
        "http://dbpedia.org/ontology/Organisation",
        "http://dbpedia.org/ontology/Agent",
        "http://www.w3.org/2002/07/owl#Thing"
    ]
}